"username";"E-Mail";"Personalnummer";"Vorname";"Nachname";"Rolle"
"Krassmus";"fuhse@data-quest.de";"1234";"Rasmus";"Fuhse";"Lehrender"
"Kuerbis1";"kuerbis1@data-quest.de";"666";"Klaudia";"Kürbis";"Auszubildender"
"Kuerbis2";"kuerbis2@data-quest.de";"667";"Klemens";"Kürbis";"Auszubildender"
"Kuerbis3";"kuerbis3@data-quest.de";"668";"Kleopatra";"Kürbis";"Auszubildender"
"Kuerbis4";"kuerbis4@data-quest.de";"669";"Kasimir";"Kürbis";"Auszubildender"
"Kuerbis5";"kuerbis5@data-quest.de";"670";"Konrad";"Kürbis";"Auszubildender"
"Kuerbis6";"kuerbis6@data-quest.de";"671";"Karl";"Kürbis";"Auszubildender"
"Kuerbis7";"kuerbis7@data-quest.de";"672";"Keno";"Kürbis";"Auszubildender"
"Kuerbis8";"kuerbis8@data-quest.de";"673";"Kismet";"Kürbis";"Auszubildender"
"Kuerbis9";"kuerbis9@data-quest.de";"674";"Katharina";"Kürbis";"Auszubildender"
"Kuerbis10";"kuerbis10@data-quest.de";"675";"Karin";"Kürbis";"Auszubildender"
"Kuerbis11";"";"676";"Kiki";"Kürbis";"Auszubildender"
"Kuerbis12";"kuerbis12@data-quest.de";"677";"Kilian";"Kürbis";"Auszubildender"
"Kuerbis13";"kuerbis13@data-quest.de";"678";"Klara";"Kürbis";"Auszubildender"
"Kuerbis14";"kuerbis14@data-quest.de";"679";"Kai";"Kürbis";"Auszubildender"
"Kuerbis15";"kuerbis15@data-quest.de";"680";"Kayleene";"Kürbis";"Auszubildender"
"Kuerbis16";"kuerbis16@data-quest.de";"681";"Kent";"Kürbis";"Auszubildender"
"Kuerbis17";"kuerbis17@data-quest.de";"682";"Kerim";"Kürbis";"Auszubildender"
"Kuerbis18";"kuerbis18@data-quest.de";"683";"Kermit";"Kürbis";"Auszubildender"
"Kuerbis19";"kuerbis19@data-quest.de";"684";"Kerry";"Kürbis";"Auszubildender"
"Kuerbis20";"kuerbis20@data-quest.de";"685";"Kerstin";"Kürbis";"Auszubildender"
"Kuerbis21";"kuerbis21@data-quest.de";"686";"Kevin";"Kürbis";"Auszubildender"
"Kuerbis22";"kuerbis22@data-quest.de";"687";"Keanu";"Kürbis";"Auszubildender"
"Kuerbis23";"kuerbis23@data-quest.de";"688";"Kira";"Kürbis";"Auszubildender"
"Kuerbis24";"kuerbis24@data-quest.de";"689";"Kiefer";"Kürbis";"Auszubildender"
"Kuerbis25";"kuerbis25 @data-quest.de";"690";"Kim";"Kürbis";"Auszubildender"
"Kuerbis26";"kuerbis26@data-quest.de";"691";"Kimberly";"Kürbis";"Auszubildender"
"Kuerbis27";"kuerbis27@data-quest.de";"692";"Kimmi";"Kürbis";"Auszubildender"
"Kuerbis28";"kuerbis28@data-quest.de";"693";"Kirk";"Kürbis";"Auszubildender"
"Kuerbis29";"kuerbis29@data-quest.de";"694";"Kjell";"Kürbis";"Auszubildender"
"Kuerbis30";"kuerbis30@data-quest.de";"695";"Klaas";"Kürbis";"Auszubildender"
